{
    "faces":[35,2,10,31,28,0,0,0,0,0,35,27,15,36,38,0,1,1,1,1,35,14,3,30,34,0,2,2,2,2,35,8,21,25,12,0,3,3,3,3,35,13,24,37,32,0,4,4,4,4,35,35,29,33,39,0,5,5,5,5,35,16,26,23,20,0,6,6,6,6,35,0,17,19,4,0,7,7,7,7,35,5,18,22,7,0,8,8,8,8,35,0,1,2,3,0,9,9,9,9,34,4,5,6,0,10,10,10,34,7,8,9,0,11,11,11,35,10,11,12,13,0,12,12,12,12,35,14,15,16,17,0,13,13,13,13,34,18,19,20,0,14,14,14,34,21,22,23,0,15,15,15,35,24,25,26,27,0,16,16,16,16,34,28,29,30,0,17,17,17,34,31,32,33,0,18,18,18,34,34,35,36,0,19,19,19,34,37,38,39,0,20,20,20,35,0,4,6,1,0,21,21,21,21,35,1,11,10,2,0,22,22,22,22,35,17,0,3,14,0,23,23,23,23,35,5,7,9,6,0,24,24,24,24,35,4,19,18,5,0,25,25,25,25,35,8,12,11,9,0,26,26,26,26,35,7,22,21,8,0,27,27,27,27,35,12,25,24,13,0,28,28,28,28,35,16,20,19,17,0,29,29,29,29,35,15,27,26,16,0,30,30,30,30,35,20,23,22,18,0,31,31,31,31,35,23,26,25,21,0,32,32,32,32,35,28,31,33,29,0,33,33,33,33,35,29,35,34,30,0,34,34,34,34,35,32,37,39,33,0,35,35,35,35,35,35,39,38,36,0,36,36,36,36,35,14,34,36,15,0,37,37,37,37,35,37,24,27,38,0,38,38,38,38,35,31,10,13,32,0,39,39,39,39,35,30,3,2,28,0,40,40,40,40,35,1,6,9,11,0,22,22,22,22],
    "normals":[0,-1,-0,-0,1,0,1,-0,0,-1,-0,-0,-1,-0,-0,0,0,-1,0,1,-0,1,0,0,-0,-0,1,0.559688,-0.828704,-0,0.430943,-0.638078,0.638078,-0.430943,-0.638078,0.638079,-0.559688,-0.828704,-0,0.559687,0.828704,0,0.430943,0.638078,0.638079,-0.430943,0.638078,0.638079,-0.559687,0.828704,-0,0.430943,-0.638078,-0.638078,-0.430943,-0.638078,-0.638078,0.430944,0.638079,-0.638078,-0.430943,0.638078,-0.638079,0.559688,-0.828704,0,0,-1,0,1,-0,0,-0,-0.707106,0.707107,0.559687,0,0.828704,-0.559687,-0.828704,-0,-0.559687,-0,0.828704,-1,-0,-1e-06,0.559688,0.828704,0,0,1,0,-0,0.707106,0.707107,-0.559687,0.828704,-0,0,-0.707107,-0.707107,0.559688,0,-0.828704,-0.559687,0,-0.828704,0,0.707107,-0.707107,0.559687,0.828704,0,-0.559687,0.828704,0,-0.559688,-0.828704,-0,0.559688,-0.828704,0],
    "metadata":{
        "faces":42,
        "normals":41,
        "vertices":40,
        "type":"Geometry",
        "generator":"io_three",
        "uvs":0,
        "version":3,
        "materials":1
    },
    "vertices":[0.929931,2.31063,0.10833,0.713424,2.1644,0.10833,0.713424,2.1644,-0.184118,0.929931,2.31063,-0.184118,0.929931,2.31063,1.07199,0.713424,2.31063,1.21821,0.713424,2.1644,1.07199,-0.713424,2.31063,1.21821,-0.929931,2.31063,1.07199,-0.713424,2.1644,1.07199,-0.713424,2.1644,-0.184118,-0.713424,2.1644,0.10833,-0.929931,2.31063,0.10833,-0.929931,2.31063,-0.184118,0.929931,3.27429,-0.184118,0.713424,3.42051,-0.184118,0.713424,3.42051,0.10833,0.929931,3.27429,0.10833,0.713423,3.27429,1.21821,0.92993,3.27429,1.07199,0.713423,3.42051,1.07199,-0.929932,3.27429,1.07199,-0.713425,3.27429,1.21821,-0.713425,3.42051,1.07199,-0.929931,3.27429,-0.184118,-0.929931,3.27429,0.10833,-0.713424,3.42051,0.10833,-0.713424,3.42051,-0.184118,0.713424,2.1644,-1.08121,0.713424,2.31063,-1.22743,0.929931,2.31063,-1.08121,-0.713424,2.1644,-1.08121,-0.929931,2.31063,-1.08121,-0.713424,2.31063,-1.22743,0.929932,3.27429,-1.0812,0.713425,3.27429,-1.22743,0.713425,3.42051,-1.0812,-0.929931,3.27429,-1.08121,-0.713424,3.42051,-1.08121,-0.713424,3.27429,-1.22743],
    "uvs":[],
    "materials":[{
        "visible":true,
        "wireframe":false,
        "colorDiffuse":[0.8,0,0.8],
        "colorSpecular":[0.5,0.5,0.5],
        "DbgName":"Material",
        "specularCoef":50,
        "depthWrite":true,
        "DbgIndex":0,
        "opacity":1,
        "shading":"phong",
        "depthTest":true,
        "transparent":false,
        "DbgColor":15658734,
        "colorEmissive":[0,0,0],
        "blending":"NormalBlending"
    }]
}